<?xml version="1.0" encoding="UTF-8" ?>

<!DOCTYPE mapper
PUBLIC "-//mybatis.org//DTD Mapper 3.0//EN"
"http://mybatis.org/dtd/mybatis-3-mapper.dtd">
<mapper namespace="faqboard.mybatis.Account">

	<select id="FAQsearch" parameterType="HashMap" resultType="FAQBoardDTO">
		select * from (select rownum rn, faq.*, board.category_title from faqboard faq, 
		board_category board where 
		(faq.title like '%'||#{search}||'%' or faq.content like '%'||#{search}||'%') 
		and faq.category=board.category_num)a where a.rn between #{startRow} and #{endRow}
	</select>
	
	<select id="FAQlistBoard" parameterType="HashMap" resultType="FAQBoardDTO"> 
		select * from(select rownum rn, faq.num as num,board.CATEGORY_TITLE as category_title, faq.title as title,faq.readcount as readcount
	   	from faqboard faq, BOARD_CATEGORY board where board.CATEGORY_TITLE=#{mode} and 
	   	board.CATEGORY_NUM=faq.CATEGORY order by faq.num desc)a where a.rn BETWEEN #{startRow} and #{endRow}
	</select>
	
	<select id="FAQallListBoard" parameterType="HashMap" resultType="FAQBoardDTO">
		select * from
		(select rownum rn, board_category.category_title as category_title,
		faqboard.title as title, faqboard.readcount as readcount, faqboard.num as num
		from faqboard, board_category where faqboard.category=board_category.category_num)a 
		where a.rn between #{startRow} and #{endRow} order by num desc
	</select>
	
	<select id="FAQgetBoard" parameterType="int" resultType="FAQBoardDTO">
		select * from(select rownum rn, board_category.category_title as category_title, 
		faqboard.title as title, faqboard.readcount as readcount, faqboard.num as num, 
		faqboard.content as content, faqboard.fileName as fileName 
		from faqboard, board_category where faqboard.category=board_category.category_num)a where num = #{num}
	</select>
	
	<insert id="FAQinsertBoard" parameterType="HashMap">
		insert into faqboard values(faqboard_seq.nextval, #{category}, #{id}, #{title}, #{content}, #{fileName}, #{fileSize}, sysdate, 0, #{re_step}, #{re_level})
	</insert>
	
	<delete id="FAQdeleteBoard" parameterType="int">
		delete from faqboard where num = #{num}
	</delete>
	
	<select id="FAQsearchGetCount" parameterType="String" resultType="int">
		select count(*) from faqboard where title like '%'||#{search}||'%' or content like '%'||#{search}||'%'
	</select>
	
	<select id="FAQallGetCount" resultType="int">
		select count(*) from faqboard
	</select>
	
	<select id="FAQgetCount" parameterType="String" resultType="int">
		select count(*) from faqboard faq, board_category board 
		where faq.category=board.category_num and board.category_title=#{mode}
	</select>
	
	<update id="FAQupCount" parameterType="int">
	    update faqboard set readCount=readCount+1 where num=#{num}
	</update>
	
	<update id="FAQupdateBoard" parameterType="FAQBoardDTO">
	    update faqboard set title=#{title}, category=#{category}, content=#{content}, reg_date=sysdate where num=#{num}
	</update>
	
	<select id="FAQgetCategory" resultType="FAQCategoryDTO">
		select * from board_category
	</select>
	
	<update id="FAQnewStep">
		update faqboard set re_step = re_step+1
	</update>
	
	<update id="FAQstepUpdate" parameterType="int">
		update faqboard set re_step=re_step+1 where re_step>#{re_step}
	</update>
	
</mapper>