<?xml version="1.0" encoding="UTF-8" ?>

<!DOCTYPE mapper
PUBLIC "-//mybatis.org//DTD Mapper 3.0//EN"
"http://mybatis.org/dtd/mybatis-3-mapper.dtd">

<mapper namespace="qnaboard.mybatis.Account">

	<insert id="QNAinsertBoard" parameterType="HashMap">
		insert into qnaboard values(qnaboard_seq.nextval, #{category}, #{id}, #{title}, #{content}, #{fileName}, sysdate, 0, 0, 0, 'admin')
	</insert>

	<select id="QNAgetBoard" parameterType="int" resultType="QNABoardDTO">
		select * from qnaboard where num = #{num}
	</select>
	
	<update id="QNAupCount" parameterType="int">
		update qnaboard set readcount = readcount+1 where num = #{num}
	</update>

	<select id="QNAgetCount" parameterType="String" resultType="int">
		select count(*) from qnaboard where id=#{id} or recipient=#{id}
	</select>

	<select id="QNAlistBoard" parameterType="HashMap" resultType="QNABoardDTO">
		select * from (select rownum rn, A.* from (select * from qnaboard where id = #{id} or recipient = #{id} order by re_step asc)A) where rn between #{startRow} and #{endRow}
	</select>
	
	<delete id="QNAdeleteBoard" parameterType="int">
		delete from qnaboard where num = #{num}
	</delete>
	
	<update id="QNAupdateBoard" parameterType="HashMap">
		update qnaboard set category=#{category}, id=#{id}, title=#{title}, content=#{content}, fileName=#{fileName} where num=#{num}
	</update>
	
	<select id="QNAgetCategory" resultType="QNACategoryDTO">
		select * from board_category
	</select>
	
	<update id="newStep">
		update qnaboard set re_step = re_step+1
	</update>
	
</mapper>